DATE,"Bollinger bands, mean",Accumulation/Distribution,"Bollinger bands, lower band",MA Exponential,"Envelopes, fist number",Index performance,"MA Convergence/Divergence, first number",Momentum,"Price Channels, first number",Parabolic SAR,SALDO,CHANGE_MONEY,CHANGE_GOV_REMAINS_BR,MOVING_DEBT,CHANGE_BANKS_DEBT,CHANGE_BANKS_REPO_DEBT,MINFIN_FORCURR_OPERATIONS,BR_REG_RESERVES,BR_NETTO,MOSPRIME_ONE_DAY,MOSPRIME_ONE_WEEK,MOSPRIME_TWO_WEEKS,MOSPRIME_ONE_MONTH,MEAN_REPO_KSU_DAY,MEAN_REPO_KSU_WEEK,ROISFIX_ONE_WEEK,ROISFIX_TWO_WEEKS,ROISFIX_ONE_MONTH,MEAN_RTSI,RUONIA,RUREPO_ON,RUREPO_WEEK,RUREPO_TWO_WEEKS,RUREPO_MONTH
2017-07-24,8.5585,-4744700000.0,8.5585,8.98444,8.5585,-2.75247,-0.0028594933333333287,-0.15,8.475,8.5,-51.8,52.2,-188.2,0.0,0.0,-43.2,0.0,0.0,0.8,9.18,9.21,9.19,9.22,9.129999999999999,9.175,8.94,8.94,8.93,1015.4625000000001,8.94,9.55,9.63,9.68,9.78
2017-07-25,8.5585,-8602970000.0,8.5585,8.98444,8.5585,0.18245999999999998,-0.0028594933333333287,-0.15,8.475,8.512,-53.4,43.9,-519.9,5.5,0.0,70.0,0.0,0.0,77.8,9.17,9.19,9.19,9.22,9.129999999999999,9.175,8.94,8.94,8.93,1011.8924999999999,8.93,9.52,9.61,9.68,9.78
2017-07-26,8.5585,-9634070000.0,8.5585,8.98444,8.5585,0.350758,-0.0028594933333333287,-0.15,8.475,8.54552,-54.1,28.3,76.2,-30.3,0.0,-0.1,0.0,0.0,67.7,9.21,9.21,9.19,9.22,9.129999999999999,9.175,8.94,8.94,8.93,1016.5024999999999,9.05,9.59,9.68,9.75,9.86
2017-07-27,8.5585,-14293500000.0,8.5585,8.98444,8.5585,0.058554199999999994,-0.0028594933333333287,-0.15,8.475,8.596789999999999,-116.0,9.0,-48.9,0.0,0.0,-0.1,0.0,0.0,8.6,9.26,9.23,9.21,9.22,9.129999999999999,9.175,8.94,8.94,8.93,1028.1125,9.13,9.58,9.65,9.73,9.83
2017-07-28,8.5585,-14293500000.0,8.5585,8.98444,8.5585,0.058554199999999994,-0.0028594933333333287,-0.15,8.475,8.596789999999999,-123.7,7.8,-36.0,0.0,0.0,27.1,0.0,0.0,35.5,9.31,9.24,9.22,9.22,9.129999999999999,9.175,8.94,8.94,8.93,1019.265,9.17,9.55,9.63,9.7,9.79
2017-07-30,8.5585,-18957000000.0,8.5585,8.98444,8.5585,-2.19971,-0.0028594933333333287,-0.15,8.475,8.64498,-123.7,7.8,-36.0,0.0,0.0,27.1,0.0,0.0,35.5,9.31,9.24,9.22,9.22,9.129999999999999,9.175,8.94,8.94,8.93,1019.265,9.17,9.55,9.63,9.7,9.79
2017-07-31,8.5585,-22959500000.0,8.5585,8.98444,8.5585,-1.77689,-0.0028594933333333287,-0.15,8.475,8.69028,-158.5,52.6,-153.4,0.0,50.0,-256.5,0.0,0.0,76.2,9.33,9.28,9.25,9.24,9.129999999999999,9.175,8.96,8.95,8.95,1008.625,9.24,9.6,9.64,9.72,9.81
2017-08-01,8.5585,-28704900000.0,8.5585,8.98444,8.5585,-2.2425200000000003,-0.0028594933333333287,-0.15,8.475,8.73287,-234.3,18.4,59.6,31.8,0.0,3.1,0.0,0.0,14.6,9.29,9.3,9.29,9.26,9.129999999999999,9.175,8.96,8.96,8.95,1016.0249999999999,8.9,9.55,9.63,9.7,9.8
2017-08-02,8.5585,-34303200000.0,8.5585,8.98444,8.5585,-4.9573599999999995,-0.0028594933333333287,-0.15,8.475,9.4,-361.9,-11.1,-50.3,-24.5,-33.3,-60.6,0.0,0.0,-79.0,9.22,9.23,9.24,9.26,9.079999999999998,9.11,8.98,8.98,8.98,1017.0675,8.7,9.52,9.62,9.69,9.8
2017-08-03,8.5585,-38246300000.0,8.5585,8.70756,8.5585,-16.6461,-0.0028594933333333287,-0.15,8.475,9.385,-284.8,-39.8,278.9,0.0,0.0,153.2,0.0,0.0,-44.4,9.15,9.19,9.24,9.26,8.95,9.055,8.99,8.98,8.98,1024.9425,8.64,9.48,9.53,9.63,9.76
2017-08-04,8.5585,-38246300000.0,8.5585,8.70756,8.5585,-16.6461,-0.0028594933333333287,-0.15,8.475,9.385,-241.4,-37.9,-120.7,0.0,0.0,-251.4,0.0,0.0,-74.1,8.8,9.03,9.17,9.22,8.325,8.955,8.98,8.99,9.0,1024.2975000000001,8.34,9.34,9.46,9.63,9.76
2017-08-06,8.5585,-42383000000.0,8.5585,8.56604,8.5585,-10.3501,-0.0028594933333333287,-0.15,8.475,9.3116,-241.4,-37.9,-120.7,0.0,0.0,-251.4,0.0,0.0,-74.1,8.8,9.03,9.17,9.22,8.325,8.955,8.98,8.99,9.0,1024.2975000000001,8.34,9.34,9.46,9.63,9.76
2017-08-07,8.5585,-46916000000.0,8.5585,8.47284,8.5585,-7.1433800000000005,-0.0028594933333333287,-0.15,8.475,9.24114,-172.1,16.4,5.9,0.0,-50.1,-28.3,0.0,0.0,-238.2,8.62,8.94,9.15,9.21,8.17,8.58,8.98,8.98,8.98,1030.3325,8.24,9.38,9.51,9.68,9.78
2017-08-08,8.5585,-50793000000.0,8.5585,8.458269999999999,8.5585,-6.19094,-0.0028594933333333287,-0.15,8.475,9.17349,67.7,-2.4,-8.9,71.3,0.0,-171.7,2.0,0.0,-195.8,8.55,8.93,9.13,9.19,8.355,8.795,8.98,8.98,8.97,1041.12,8.22,9.28,9.47,9.63,9.77
2017-08-09,8.5585,-53136400000.0,8.5585,8.40661,8.5585,-7.18562,-0.0028594933333333287,-0.61,8.435,9.10855,102.0,-16.3,354.9,-41.6,49.2,300.0,2.0,0.0,555.6,8.99,9.11,9.17,9.22,8.855,4.49,8.98,8.98,8.97,1039.8875,8.63,9.33,9.45,9.59,9.72
2017-08-10,8.5585,-52173000000.0,8.5585,8.45529,8.5585,-3.1349299999999998,-0.0028594933333333287,-0.45,8.425,9.04621,-452.5,-40.6,-41.8,0.0,0.0,-47.4,2.1,0.0,24.2,8.93,9.13,9.16,9.22,8.77,8.9,8.97,8.98,8.97,1034.8275,8.44,9.38,9.48,9.61,9.73
2017-08-11,8.5585,-52173000000.0,8.5585,8.45529,8.5585,-3.1349299999999998,-0.0028594933333333287,-0.45,8.425,9.04621,-474.2,-43.7,63.9,0.0,0.0,-13.7,2.1,0.0,47.2,8.68,9.03,9.12,9.18,8.489999999999998,8.825,8.93,8.96,8.96,1020.9449999999999,8.35,9.23,9.39,9.47,9.58
2017-08-13,8.5585,-52279400000.0,8.5585,8.48423,8.5585,-4.39406,-0.0028594933333333287,-0.65,8.405,8.986360000000001,-474.2,-43.7,63.9,0.0,0.0,-13.7,2.1,0.0,47.2,8.68,9.03,9.12,9.18,8.489999999999998,8.825,8.93,8.96,8.96,1020.9449999999999,8.35,9.23,9.39,9.47,9.58
2017-08-14,8.5585,-55839000000.0,8.5585,8.479389999999999,8.5585,-2.23868,-0.0028594933333333287,-0.74,8.345,8.98,-521.2,9.0,-54.8,0.0,0.0,-1.7,2.1,0.0,6.8,8.6,8.96,9.06,9.15,8.455,8.725,8.93,8.95,8.96,1028.5425,8.25,9.18,9.33,9.46,9.58
2017-08-15,8.5585,-56240700000.0,8.5585,8.383510000000001,8.5585,-6.89993,-0.0028594933333333287,-1.11,8.055,7.0,-528.9,-0.5,-72.2,11.8,0.0,15.4,2.0,-1.7,9.8,8.62,8.98,9.07,9.16,8.555,8.71,8.92,8.95,8.96,1024.865,8.33,9.18,9.36,9.46,9.58
2017-08-16,8.5585,-63720600000.0,8.5585,8.366810000000001,8.5585,-7.106889999999999,-0.0028594933333333287,-0.84,8.055,7.0,-763.4,-10.6,139.3,-41.6,93.9,30.0,2.1,-6.5,-222.2,8.82,9.01,9.08,9.18,8.655000000000001,8.935,8.9,8.93,8.93,1031.2875,8.5,9.29,9.43,9.55,9.71
2017-08-17,8.5585,-72519000000.0,8.5585,8.29345,8.5585,-10.6478,-0.0028594933333333287,-1.05,8.055,7.0,-540.9,-28.8,269.7,0.0,0.0,169.0,2.1,0.0,15.3,8.86,9.02,9.08,9.18,8.850000000000001,9.02,8.9,8.93,8.91,1031.93,8.51,9.34,9.47,9.6,9.74
2017-08-18,8.5585,-72519000000.0,8.5585,8.29345,8.5585,-10.6478,-0.0028594933333333287,-1.05,8.055,7.0,-556.1,-17.7,-211.4,0.0,0.0,-310.8,2.1,0.0,-10.0,8.85,9.03,9.07,9.18,8.7,8.92,8.9,8.93,8.91,1026.7975000000001,8.52,9.35,9.46,9.6,9.74
2017-08-20,8.536,-81670700000.0,8.536,8.254760000000001,8.536,-9.16809,-0.0028594933333333287,-0.55,8.055,7.0422,-556.1,-17.7,-211.4,0.0,0.0,-310.8,2.1,0.0,-10.0,8.85,9.03,9.07,9.18,8.7,8.92,8.9,8.93,8.91,1026.7975000000001,8.52,9.35,9.46,9.6,9.74
2017-08-21,8.508000000000001,-92918600000.0,8.508000000000001,8.253810000000001,8.508,-6.200740000000001,-0.0028594933333333287,0.65,8.055,7.08356,-544.8,42.9,8.4,0.0,0.0,-35.2,2.1,0.0,2.6,8.85,9.05,9.07,9.16,8.64,8.905000000000001,8.86,8.9,8.89,1033.22,8.56,9.35,9.46,9.6,9.74
2017-08-22,8.408,-104384000000.0,8.408,8.02304,8.408,-23.7883,-0.0028594933333333287,-0.9,8.055,9.11,-550.1,35.4,162.4,21.6,0.0,45.7,2.1,0.0,-42.9,8.87,9.05,9.07,9.13,8.67,8.915,8.83,8.87,8.88,1036.67,8.57,9.35,9.45,9.58,9.73
2017-08-23,8.347999999999999,-115004000000.0,8.347999999999999,8.02844,8.347999999999999,-6.95453,-0.0028594933333333287,-0.05,8.055,9.0698,-617.9,22.8,-127.4,-40.5,-51.5,-16.0,2.1,0.0,-155.0,8.83,9.05,9.07,9.13,8.39,8.545,8.81,8.85,8.87,1041.14,8.4,9.35,9.45,9.58,9.73
2017-08-24,8.318,-122063000000.0,8.318,8.14275,8.318,0.293391,-0.0028594933333333287,0.2,8.055,9.0304,-464.2,13.0,-178.8,0.0,0.0,0.0,2.1,0.0,102.3,8.7,9.02,9.06,9.13,8.545,8.81,8.81,8.85,8.87,1047.2325,8.37,9.3,9.4,9.52,9.66
2017-08-25,8.318,-122063000000.0,8.318,8.14275,8.318,0.293391,-0.0028594933333333287,0.2,8.055,9.0304,-568.8,7.1,-510.6,0.0,0.0,-6.0,2.1,0.0,64.9,8.73,9.01,9.06,9.13,8.665,8.77,8.79,8.82,8.85,1055.8,8.53,9.26,9.39,9.53,9.67
2017-08-27,8.3,-134070000000.0,8.3,8.2642,8.3,-0.8778459999999999,-0.0028594933333333287,0.55,8.055,8.9918,-568.8,7.1,-510.6,0.0,0.0,-6.0,2.1,0.0,64.9,8.73,9.01,9.06,9.13,8.665,8.77,8.79,8.82,8.85,1055.8,8.53,9.26,9.39,9.53,9.67
2017-08-28,8.2755,-145768000000.0,8.2755,8.34136,8.275500000000001,-1.8859299999999999,-0.0028594933333333287,0.0,8.055,8.95396,-634.5,45.5,65.3,0.0,0.0,100.0,2.1,0.0,-5.1,8.75,9,9.05,9.11,8.8,8.85,8.75,8.76,8.83,1065.8825000000002,8.58,9.23,9.38,9.46,9.53
2017-08-29,8.258000000000001,-157385000000.0,8.258000000000001,8.413089999999999,8.258,-1.93992,-0.0028594933333333287,0.1,8.09,7.1,-628.9,26.5,180.2,8.6,0.0,100.1,2.1,0.0,39.9,8.78,9.01,9.05,9.08,8.82,8.86,8.73,8.74,8.81,1066.0325,8.55,9.28,9.35,9.36,9.36
2017-08-30,8.2305,-168356000000.0,8.2305,8.35047,8.2305,-10.7986,-0.0028594933333333287,-0.36,8.125,7.1396,-685.8,10.9,192.1,0.0,70.0,-50.1,2.1,0.0,-7.1,8.8,9.03,9.07,9.1,8.870000000000001,4.465,8.73,8.74,8.8,1075.81,8.56,9.32,9.43,9.49,9.49
2017-08-31,8.295499999999999,-160781000000.0,8.295499999999999,8.46038,8.2955,2.34226,-0.0028594933333333287,0.9,8.125,7.22002,-672.9,-2.7,-80.0,0.0,0.0,-98.1,2.1,0.0,-27.0,8.86,9.03,9.07,9.11,8.95,8.91,8.73,8.74,8.76,1087.425,8.71,9.37,9.43,9.49,9.49
2017-09-01,8.295499999999999,-160781000000.0,8.295499999999999,8.46038,8.2955,2.34226,-0.0028594933333333287,0.9,8.125,7.22002,-653.7,-23.2,303.4,0.0,0.0,250.0,2.0,0.0,-260.4,8.93,9.04,9.08,9.12,8.795,8.934999999999999,8.73,8.74,8.75,1099.205,8.78,9.34,9.41,9.47,9.47
2017-09-03,8.335500000000001,-172530000000.0,8.335500000000001,8.5283,8.3355,-0.593964,-0.0028594933333333287,0.5,8.2,7.297219999999999,-653.7,-23.2,303.4,0.0,0.0,250.0,2.0,0.0,-260.4,8.93,9.04,9.08,9.12,8.795,8.934999999999999,8.73,8.74,8.75,1099.205,8.78,9.34,9.41,9.47,9.47
2017-09-04,8.3705,-175768000000.0,8.3705,8.58264,8.3705,-3.23508,-0.0028594933333333287,0.8,8.2,7.4173800000000005,-384.0,27.0,2.6,0.0,0.0,49.8,0.0,0.0,-27.2,9.05,9.05,9.07,9.11,9.015,8.87,8.72,8.73,8.72,1094.3225,8.94,9.33,9.39,9.46,9.51
2017-09-05,8.3705,-187805000000.0,8.3705,8.54611,8.3705,-6.10311,-0.01008826666666667,0.3,8.675,7.53034,-355.6,5.3,-68.7,0.0,0.0,-167.6,4.1,0.0,-130.2,9,9.08,9.08,9.11,8.92,4.26,8.71,8.73,8.69,1095.7350000000001,8.58,9.41,9.45,9.5,9.55
2017-09-06,8.378,-199182000000.0,8.378,8.50689,8.378,-4.90382,-0.018052799999999997,0.1,8.7,7.63652,-270.3,-13.5,-126.8,-41.2,-113.2,0.0,2.1,0.0,207.9,8.91,9.06,9.05,9.1,8.725,8.815,8.72,8.73,8.65,1100.8525,8.49,9.29,9.39,9.46,9.51
2017-09-07,8.3455,-207763000000.0,8.3455,8.405510000000001,8.345500000000001,-9.84212,-0.04126146666666667,0.9,8.59,7.736330000000001,-474.3,-35.4,19.9,0.0,0.0,-32.7,2.1,0.0,-26.2,8.83,8.99,9.03,9.07,8.615,8.73,8.72,8.7,8.63,1112.04,8.46,9.33,9.44,9.53,9.61
2017-09-08,8.3455,-207763000000.0,8.3455,8.405510000000001,8.345500000000001,-9.84212,-0.04126146666666667,0.9,8.59,7.736330000000001,-450.6,-35.1,115.8,0.0,100.0,-50.3,3.4,0.1,-44.3,8.7,8.9,8.97,9.03,8.495000000000001,8.649999999999999,8.72,8.7,8.63,1117.565,8.42,9.23,9.32,9.43,9.49
2017-09-10,8.2725,-219853000000.0,8.2725,8.15241,8.2725,-21.4102,-0.10115923333333333,-0.91,8.22,9.3,-450.6,-35.1,115.8,0.0,100.0,-50.3,3.4,0.1,-44.3,8.7,8.9,8.97,9.03,8.495000000000001,8.649999999999999,8.72,8.7,8.63,1117.565,8.42,9.23,9.32,9.43,9.49
2017-09-11,8.2445,-234202000000.0,8.2445,8.10193,8.2445,-10.1227,-0.1091266,-0.7,8.22,9.2568,-406.0,13.4,-4.1,0.0,0.0,-50.1,3.4,0.0,-63.4,8.69,8.88,8.94,9,8.545,8.55,8.71,8.69,8.63,1123.82,8.44,9.15,9.24,9.39,9.42
2017-09-12,8.195,-248647000000.0,8.195,7.883539999999999,8.195,-23.1415,-0.1578016666666667,-1.74,8.155000000000001,9.21446,-340.4,-5.7,17.0,11.4,0.0,-51.6,3.4,0.0,-79.2,8.65,8.87,8.9,8.97,8.57,8.61,8.7,8.68,8.62,1125.4825,8.19,9.18,9.32,9.41,9.49
2017-09-13,8.23,-235795000000.0,8.23,8.10683,8.23,5.67299,-0.09578137333333332,0.35,8.155000000000001,9.12629,-125.4,-13.0,-191.5,-36.2,-151.2,0.0,3.4,0.0,99.1,8.62,8.74,8.8,8.89,8.209999999999999,8.355,8.7,8.67,8.61,1122.94,8.24,9.16,9.32,9.43,9.53
2017-09-14,8.27,-236651000000.0,8.27,8.24547,8.27,-0.00029822599999999996,-0.05616886666666666,0.1,8.155000000000001,9.1,-243.4,-30.2,-59.2,0.0,0.0,0.0,3.4,0.2,-272.5,8.72,8.75,8.78,8.88,8.575,8.364999999999998,8.68,8.66,8.6,1120.5974999999999,8.61,9.06,9.15,9.25,9.39
2017-09-15,8.27,-236651000000.0,8.27,8.24547,8.27,-0.00029822599999999996,-0.05616886666666666,0.1,8.155000000000001,9.1,-439.7,-28.6,70.3,0.0,-100.2,97.9,3.4,2.4,67.5,8.82,8.78,8.8,8.87,8.815000000000001,8.7,8.65,8.65,8.59,1122.355,8.69,9.25,9.26,9.3,9.47
2017-09-17,8.245,-253168000000.0,8.245,8.11637,8.245000000000001,-11.8888,-0.08371720766666667,-0.5,8.08,9.1,-439.7,-28.6,70.3,0.0,-100.2,97.9,3.4,2.4,67.5,8.82,8.78,8.8,8.87,8.815000000000001,8.7,8.65,8.65,8.59,1122.355,8.69,9.25,9.26,9.3,9.47
2017-09-18,8.2325,-275046000000.0,8.2325,8.0931,8.2325,-4.5915099999999995,-0.08444008666666668,-0.9,8.055,9.0164,-41.0,32.0,459.0,0.0,0.0,99.8,3.4,0.3,351.6,8.42,8.6,8.63,8.69,8.190000000000001,4.18,8.59,8.57,8.53,1121.7225,7.96,9.06,9.17,9.27,9.4
2017-09-19,8.229999999999999,-297504000000.0,8.229999999999999,7.88448,8.23,-18.7193,-0.13073286666666667,-1.75,8.055,8.93614,-391.3,15.9,144.9,0.0,0.0,102.2,3.4,0.0,-574.3,8.38,8.56,8.58,8.68,8.29,8.33,8.57,8.54,8.5,1112.2975000000001,8.04,9.03,9.19,9.3,9.46
2017-09-20,8.2275,-322969000000.0,8.2275,7.90758,8.2275,-3.6927,-0.1183914,-0.8,8.055,8.8591,416.4,9.1,429.2,-41.5,403.8,-0.1,3.4,0.0,179.9,8.38,8.53,8.55,8.68,8.25,8.364999999999998,8.53,8.5,8.47,1115.875,8.0,9.01,9.19,9.27,9.36
2017-09-21,8.2125,-365902000000.0,8.2125,7.98607,8.212499999999999,0.23923200000000003,-0.09255798333333333,-0.1,8.055,8.78513,235.6,-7.3,44.1,0.0,0.0,-19.9,3.4,0.0,-30.2,8.37,8.53,8.55,8.68,8.285,8.355,8.51,8.48,8.42,1116.7975000000001,8.02,8.99,9.17,9.29,9.4
2017-09-22,8.2125,-365902000000.0,8.2125,7.98607,8.212499999999999,0.23923200000000003,-0.09255798333333333,-0.1,8.055,8.78513,264.7,-24.6,222.2,0.0,184.0,-9.1,3.4,0.0,-199.5,8.37,8.55,8.57,8.68,8.39,8.364999999999998,8.51,8.48,8.41,1121.53,7.99,8.99,9.17,9.29,9.4
2017-09-24,8.19,-392276000000.0,8.19,8.04885,8.19,-2.22376,-0.07130843333333334,-0.05,8.055,8.71413,264.7,-24.6,222.2,0.0,184.0,-9.1,3.4,0.0,-199.5,8.37,8.55,8.57,8.68,8.39,8.364999999999998,8.51,8.48,8.41,1121.53,7.99,8.99,9.17,9.29,9.4
2017-09-25,8.1725,-414773000000.0,8.1725,8.09908,8.1725,-1.30164,-0.05388883333333334,0.3,8.055,8.64596,464.2,50.8,-725.4,0.0,0.0,0.2,3.3,0.2,245.8,8.4,8.53,8.55,8.65,8.405000000000001,8.415,8.41,8.39,8.37,1127.225,8.05,8.81,8.89,9.09,9.17
2017-09-26,8.16,-422427000000.0,8.16,8.16927,8.16,0.166464,-0.03228056666666667,1.31,8.075,8.58053,220.2,32.2,-88.5,13.5,0.0,-79.4,3.4,-0.2,-55.8,8.35,8.53,8.54,8.63,8.379999999999999,8.405000000000001,8.35,8.32,8.32,1133.0525,7.98,8.92,8.99,9.18,9.33
2017-09-27,8.18,-420217000000.0,8.18,8.23541,8.18,1.02702,-0.012600300000000009,0.6,7.98,7.01,132.4,17.2,58.2,-25.0,9.6,0.2,3.4,-26.6,-13.3,8.42,8.53,8.54,8.63,8.469999999999999,4.235,8.34,8.31,8.32,1126.9775,8.21,8.93,8.98,9.18,9.33
2017-09-28,8.095,-440994000000.0,8.095,8.02833,8.094999999999999,-20.6988,-0.06112504200000001,0.19,7.975,7.0478,108.4,8.6,7.6,0.0,0.0,-2.2,3.4,0.0,14.0,8.65,8.59,8.58,8.65,8.66,4.26,8.3,8.28,8.29,1125.0575,8.47,8.98,9.03,9.23,9.38
2017-09-29,8.095,-440994000000.0,8.095,8.02833,8.094999999999999,-20.6988,-0.06112504200000001,0.19,7.975,7.0478,94.0,7.7,320.3,0.0,35.0,12.5,3.4,0.0,-22.3,8.7,8.66,8.63,8.66,8.475000000000001,4.33,8.31,8.29,8.3,1130.865,8.49,9.09,9.11,9.32,9.48
2017-10-01,8.045,-449950000000.0,8.045,7.982660000000001,8.045,-11.3409,-0.06860878,-1.2,7.975,7.08484,94.0,7.7,320.3,0.0,35.0,12.5,3.4,0.0,-22.3,8.7,8.66,8.63,8.66,8.475000000000001,4.33,8.31,8.29,8.3,1130.865,8.49,9.09,9.11,9.32,9.48
2017-10-02,8.039499999999999,-439046000000.0,8.039499999999999,8.124130000000001,8.0395,3.66891,-0.029774966666666663,-0.11,7.975,7.12115,117.0,28.7,-14.5,0.0,0.0,18.5,3.4,0.0,14.4,8.65,8.64,8.64,8.67,8.344999999999999,8.325,8.29,8.27,8.29,1133.5025,8.25,8.96,8.97,9.18,9.33
2017-10-03,8.03,-447101000000.0,8.03,8.14131,8.03,-1.73364,-0.022808600000000002,0.61,8.05,7.15672,101.8,-5.0,83.4,10.6,0.0,-12.9,3.4,0.0,4.0,8.59,8.65,8.65,8.68,8.364999999999998,8.285,8.32,8.3,8.32,1129.755,8.22,8.92,8.99,9.24,9.42
2017-10-04,8.012500000000001,-453270000000.0,8.012500000000001,8.11304,8.0125,-4.4276,-0.027443233333333334,0.0,8.05,7.19159,68.9,-17.0,14.8,-30.0,8.8,-15.2,3.4,0.0,-75.6,8.44,8.54,8.59,8.68,8.29,8.265,8.33,8.31,8.33,1132.8825000000002,7.99,8.9,8.99,9.24,9.42
2017-10-05,8.022499999999999,-457407000000.0,8.022499999999999,8.13044,8.0225,-1.31104,-0.020867233333333336,1.15,8.05,7.22576,143.7,-36.2,77.6,0.0,0.0,0.0,3.4,0.3,20.1,8.29,8.47,8.55,8.67,8.16,8.18,8.33,8.31,8.32,1139.0125,7.95,8.85,8.91,9.13,9.28
2017-10-06,8.022499999999999,-457407000000.0,8.022499999999999,8.13044,8.0225,-1.31104,-0.020867233333333336,1.15,8.05,7.22576,123.1,-32.7,110.2,0.0,26.0,-0.1,3.4,0.0,-304.9,8.44,8.49,8.54,8.66,8.205,8.14,8.32,8.3,8.3,1138.425,8.3,8.85,8.91,9.13,9.28
2017-10-08,8.0655,-478155000000.0,8.0655,8.10435,8.0655,-4.47661,-0.0253374,0.0,8.05,7.259239999999999,123.1,-32.7,110.2,0.0,26.0,-0.1,3.4,0.0,-304.9,8.44,8.49,8.54,8.66,8.205,8.14,8.32,8.3,8.3,1138.425,8.3,8.85,8.91,9.13,9.28
2017-10-09,8.058,-495905000000.0,8.058,8.03348,8.058,-7.93475,-0.04081305666666667,-0.55,8.05,7.29206,429.4,8.7,150.3,0.0,0.0,0.0,0.0,0.0,-26.5,8.56,8.58,8.58,8.68,8.365,8.275,8.31,8.3,8.3,1131.9525,8.37,8.93,8.99,9.18,9.33
2017-10-10,8.0975,-512596000000.0,8.0975,7.98678,8.0975,-6.54473,-0.04989646666666667,-0.5,8.05,7.3242199999999995,118.4,-13.4,-52.0,12.3,0.0,-160.5,7.1,0.0,-140.1,8.52,8.59,8.6,8.68,8.190000000000001,8.315000000000001,8.31,8.3,8.3,1134.115,8.26,8.89,8.97,9.17,9.33
2017-10-11,8.0625,-518597000000.0,8.0625,8.049430000000001,8.0625,0.665509,-0.031738,0.0,7.970000000000001,7.35573,633.5,-23.5,-91.3,-31.4,8.2,-100.0,3.5,0.0,460.4,8.3,8.53,8.57,8.66,8.165,8.245000000000001,8.31,8.3,8.3,1138.8899999999999,7.92,8.88,8.98,9.18,9.33
2017-10-12,8.0275,-537186000000.0,8.0275,8.05954,8.0275,-3.14545,-0.027057933333333336,-0.35,8.219999999999999,7.38662,175.0,-52.6,24.5,0.0,0.0,0.0,3.5,0.3,-469.7,8.4,8.48,8.53,8.57,8.315000000000001,8.32,8.24,8.25,8.25,1143.98,8.18,8.78,8.86,9.05,9.19
2017-10-13,8.0275,-537186000000.0,8.0275,8.05954,8.0275,-3.14545,-0.027057933333333336,-0.35,8.219999999999999,7.38662,125.8,-42.3,89.1,0.0,31.8,-0.1,3.5,27.3,-1.2,8.48,8.49,8.52,8.57,8.325,8.325,8.18,8.2,8.2,1150.2800000000002,8.16,8.88,8.95,9.15,9.33
2017-10-15,8.0475,-558294000000.0,8.0475,8.04763,8.0475,-4.57154,-0.028004666666666664,-0.5,8.219999999999999,7.4168899999999995,125.8,-42.3,89.1,0.0,31.8,-0.1,3.5,27.3,-1.2,8.48,8.49,8.52,8.57,8.325,8.325,8.18,8.2,8.2,1150.2800000000002,8.16,8.88,8.95,9.15,9.33
2017-10-16,8.025,-578651000000.0,8.025,7.948110000000001,8.024999999999999,-9.83421,-0.050550866666666666,0.35,8.08,7.44655,647.3,19.1,89.3,0.0,0.0,0.0,3.5,9.4,15.1,8.5,8.52,8.53,8.59,8.335,8.295,8.17,8.18,8.19,1158.17,8.2,8.85,8.95,9.15,9.33
2017-10-17,8.0725,-577254000000.0,8.0725,7.958489999999999,8.0725,-4.3932400000000005,-0.04532622333333333,0.2,8.08,7.475619999999999,125.7,8.6,54.4,22.7,0.0,-17.2,3.5,-1.6,-31.8,8.5,8.53,8.56,8.62,8.254999999999999,8.305,8.19,8.18,8.19,1151.435,7.95,8.92,8.99,9.23,9.41
2017-10-18,8.056,-600029000000.0,8.056,7.90079,8.056000000000001,-6.50873,-0.05694733333333333,-1.02,8.08,7.5041,193.4,6.4,2.1,-29.9,0.0,0.0,3.5,0.0,24.2,8.28,8.43,8.5,8.59,8.09,8.21,8.13,8.14,8.13,1149.425,7.87,8.74,8.88,9.13,9.28
2017-10-19,8.0285,-606670000000.0,8.0285,7.87063,8.0285,-3.6557,-0.06135453333333333,-0.46,8.08,7.532019999999999,172.1,2.1,15.7,0.0,0.0,0.0,3.5,0.0,-1.1,8.21,8.38,8.44,8.52,7.825,8.05,8.11,8.11,8.09,1143.5125,7.85,8.73,8.83,9.11,9.33
2017-10-20,8.0285,-606670000000.0,8.0285,7.87063,8.0285,-3.6557,-0.06135453333333333,-0.46,8.08,7.532019999999999,173.0,0.8,113.1,0.0,23.0,2.0,3.5,0.0,12.1,8.16,8.33,8.39,8.48,7.775,7.99,8.1,8.09,8.07,1137.9175,7.73,8.61,8.77,9.07,9.33
2017-10-22,8.001,-631419000000.0,8.001,7.8465,8.001,-3.39903,-0.06403026666666665,-0.25,8.03,7.55938,173.0,0.8,113.1,0.0,23.0,2.0,3.5,0.0,12.1,8.16,8.33,8.39,8.48,7.775,7.99,8.1,8.09,8.07,1137.9175,7.73,8.61,8.77,9.07,9.33
2017-10-23,7.971,-657348000000.0,7.971,7.8172,7.971,-4.43487,-0.06778666666666666,-0.5,8.03,7.586189999999999,159.9,47.7,61.1,0.0,0.0,7.0,3.5,0.0,-446.6,8.3,8.4,8.42,8.48,8.08,8.055,8.1,8.08,8.04,1133.905,7.98,8.6,8.72,8.93,9.1
2017-10-24,7.971,-648294000000.0,7.971,7.94376,7.971,5.16648,-0.03295353333333333,0.45,8.075,7.61247,126.4,34.4,-164.9,6.5,0.0,6.1,3.5,0.0,-2.9,8.22,8.35,8.35,8.45,8.045,8.115,8.07,8.04,8.02,1128.7575,7.78,8.7,8.77,8.89,9.04
2017-10-25,7.953500000000001,-668817000000.0,7.953500000000001,7.985010000000001,7.9535,-0.22298600000000002,-0.020200899999999997,0.4,8.075,7.63822,845.2,24.0,-688.4,-30.5,0.0,6.0,3.5,0.0,536.3,8.25,8.33,8.33,8.43,8.19,8.105,8.05,8.03,7.99,1124.2350000000001,7.86,8.67,8.78,9.01,9.2
2017-10-26,7.9959999999999996,-688592000000.0,7.9959999999999996,7.998010000000001,7.996,-3.62282,-0.014947933333333331,0.25,8.075,7.663460000000001,134.9,10.7,-13.7,0.0,0.0,0.0,3.5,0.0,-15.5,8.27,8.32,8.33,8.43,8.265,8.184999999999999,8.04,8.02,7.99,1116.995,7.99,8.62,8.72,8.87,8.94
2017-10-27,7.9959999999999996,-688592000000.0,7.9959999999999996,7.998010000000001,7.996,-3.62282,-0.014947933333333331,0.25,8.075,7.663460000000001,182.6,2.1,42.3,0.0,0.0,21.0,3.5,0.0,-13.2,8.26,8.28,8.3,8.4,8.245000000000001,8.175,8.04,8.0,7.99,1115.1075,7.82,8.7,8.71,8.91,8.96
2017-10-29,8.0285,-674814000000.0,8.0285,8.088410000000001,8.0285,3.3986300000000003,0.0090176,0.15,8.075,7.68819,182.6,2.1,42.3,0.0,0.0,21.0,3.5,0.0,-13.2,8.26,8.28,8.3,8.4,8.245000000000001,8.175,8.04,8.0,7.99,1115.1075,7.82,8.7,8.71,8.91,8.96
2017-10-30,8.003,-688102000000.0,8.003,8.10673,8.003,-0.891283,0.0142705,0.08,8.094999999999999,7.71242,192.9,43.1,-158.7,0.0,0.0,28.0,3.6,0.0,29.7,8.24,8.28,8.29,8.34,8.24,8.105,7.99,7.97,7.96,1124.9350000000002,8.11,8.64,8.73,9.01,9.14
2017-10-31,8.002,-701013000000.0,8.002,8.123380000000001,8.001999999999999,-0.822768,0.0186764,0.19,8.094999999999999,7.73618,166.5,23.5,227.9,1.2,0.0,68.7,3.5,0.0,-50.4,8.3,8.31,8.3,8.34,8.42,8.120000000000001,7.97,7.96,7.96,1118.935,8.02,8.74,8.71,8.93,8.99
2017-11-01,8.017000000000001,-698492000000.0,8.017000000000001,8.1587,8.017,1.3251600000000001,0.027291723333333334,0.75,8.094999999999999,7.75945,166.5,-9.9,36.6,-25.8,21.2,-56.3,3.5,0.0,-3.3,8.33,8.32,8.31,8.35,8.265,8.14,7.95,7.95,7.95,1123.6125,8.1,8.73,8.75,8.97,9.1
2017-11-02,7.944500000000001,-716518000000.0,7.944500000000001,7.87696,7.9445,-23.0501,-0.042645133333333335,-1.25,7.58,8.9,156.1,-38.0,455.0,0.0,0.0,258.6,3.5,0.0,0.8,8.37,8.34,8.34,8.37,8.305,8.19,7.95,7.95,7.95,1121.4624999999999,8.23,8.78,8.8,8.98,9.12
2017-11-03,7.944500000000001,-716518000000.0,7.944500000000001,7.87696,7.9445,-23.0501,-0.042645133333333335,-1.25,7.58,8.9,154.2,-40.1,89.5,0.0,0.0,-57.9,3.5,0.0,-77.9,8.33,8.36,8.36,8.37,8.005,7.8549999999999995,7.96,7.95,7.95,1117.585,7.98,8.78,8.8,8.98,9.12
2017-11-06,7.919499999999999,-720746000000.0,7.919499999999999,7.80157,7.9195,-10.7787,-0.059640366666666667,-0.17,7.58,8.8532,154.2,-40.1,89.5,0.0,0.0,-57.9,3.5,0.0,-77.9,8.33,8.36,8.36,8.37,8.005,7.8549999999999995,7.96,7.95,7.95,1117.585,7.98,8.78,8.8,8.98,9.12
2017-11-07,7.9285,-721320000000.0,7.9285,7.827260000000001,7.9285,-1.99995,-0.05096726666666666,0.18,7.58,8.80734,233.0,33.1,-31.0,0.0,0.0,-36.7,3.5,0.0,-839.2,8.12,8.31,8.33,8.37,7.6850000000000005,7.85,7.94,7.94,7.95,1132.8775,7.74,8.53,8.69,8.83,8.88
2017-11-08,7.9235,-748245000000.0,7.9235,7.801810000000001,7.923500000000001,-5.5351,-0.05491133333333333,-0.05,7.555,8.76239,953.1,-3.2,-87.8,-22.4,-171.4,-0.5,3.5,0.1,784.7,8.1,8.27,8.31,8.36,7.91,7.975,7.94,7.94,7.94,1146.955,7.76,8.6,8.72,8.93,9.05
2017-11-09,7.898500000000001,-784789000000.0,7.898500000000001,7.8014399999999995,7.8985,-1.8551099999999998,-0.05238273333333334,0.1,7.555,8.71834,171.4,-36.3,83.8,0.0,0.0,0.8,5.9,0.0,41.1,8.18,8.26,8.29,8.36,7.975,8.015,7.93,7.93,7.94,1154.845,7.74,8.68,8.78,9.02,9.16
2017-11-10,7.898500000000001,-784789000000.0,7.898500000000001,7.8014399999999995,7.8985,-1.8551099999999998,-0.05238273333333334,0.1,7.555,8.71834,131.4,-40.7,-75.3,0.0,0.0,-202.8,5.8,0.0,-18.0,8.2,8.26,8.29,8.36,8.05,8.02,7.91,7.91,7.92,1159.27,7.83,8.67,8.75,8.94,9.05
2017-11-12,7.876,-821313000000.0,7.876,7.771160000000001,7.8759999999999994,-5.64922,-0.05715426666666667,-0.8,7.555,8.67517,131.4,-40.7,-75.3,0.0,0.0,-202.8,5.8,0.0,-18.0,8.2,8.26,8.29,8.36,8.05,8.02,7.91,7.91,7.92,1159.27,7.83,8.67,8.75,8.94,9.05
2017-11-13,7.858499999999999,-855141000000.0,7.858499999999999,7.746919999999999,7.8585,-6.0463,-0.06016526666666666,-0.5,7.555,8.63287,149.9,6.2,21.4,0.0,0.0,-1.4,5.8,0.0,-12.0,8.22,8.27,8.3,8.36,8.094999999999999,8.08,7.9,7.9,7.9,1154.9125000000001,7.86,8.66,8.77,8.98,9.09
2017-11-14,7.883500000000001,-853002000000.0,7.883500000000001,7.8075399999999995,7.8835,0.323439,-0.042076406666666656,0.0,7.49,8.59141,162.5,-16.6,46.8,8.4,0.0,45.6,5.8,0.0,-0.4,8.23,8.28,8.3,8.36,8.08,8.094999999999999,7.91,7.91,7.91,1143.87,7.92,8.71,8.77,8.98,9.09
2017-11-15,7.891500000000001,-870528000000.0,7.891500000000001,7.87803,7.8915,0.8539260000000001,-0.02206166666666667,-0.29,7.49,8.55079,-84.3,-15.8,-99.4,-14.4,-10.1,-4.8,5.9,0.1,-237.0,8.25,8.3,8.32,8.36,8.059999999999999,8.094999999999999,7.91,7.91,7.91,1123.405,7.98,8.71,8.77,8.98,9.09
2017-11-16,7.883,-903500000000.0,7.883,7.80243,7.883,-8.361189999999999,-0.038701719999999995,-0.68,7.48,8.51097,158.1,-24.8,133.7,0.0,0.0,121.1,5.8,1.9,7.8,8.3,8.33,8.34,8.37,8.129999999999999,8.1,7.93,7.93,7.92,1120.6100000000001,7.99,8.71,8.77,8.98,9.09
2017-11-17,7.883,-903500000000.0,7.883,7.80243,7.883,-8.361189999999999,-0.038701719999999995,-0.68,7.48,8.51097,151.4,-20.1,215.0,0.0,40.0,59.7,5.8,-3.1,-12.4,8.27,8.31,8.33,8.36,8.040000000000001,8.11,7.94,7.93,7.92,1129.915,7.99,8.69,8.77,8.98,9.09
2017-11-19,7.8885000000000005,-935381000000.0,7.8885000000000005,7.81394,7.8885000000000005,-2.95909,-0.03345600000000001,-0.33,7.75,8.47195,151.4,-20.1,215.0,0.0,40.0,59.7,5.8,-3.1,-12.4,8.27,8.31,8.33,8.36,8.040000000000001,8.11,7.94,7.93,7.92,1129.915,7.99,8.69,8.77,8.98,9.09
2017-11-20,7.906,-916492000000.0,7.906,7.87115,7.906,-1.94592,-0.01714523333333333,-0.2,7.95,8.433710000000001,163.3,40.6,68.8,0.0,0.0,15.7,5.8,0.0,6.8,8.28,8.31,8.33,8.36,8.135,8.115,7.94,7.94,7.92,1132.4350000000002,8.0,8.6,8.65,8.79,8.83
2017-11-21,7.920999999999999,-901101000000.0,7.920999999999999,7.89692,7.920999999999999,-2.45972,-0.009160000000000001,1.25,7.95,8.396239999999999,155.7,29.4,-12.6,21.2,0.0,-70.3,5.8,0.2,16.9,8.29,8.31,8.33,8.36,8.145,8.175,7.95,7.94,7.92,1139.7275,7.98,8.56,8.61,8.74,8.83
2017-11-22,7.8785,-943072000000.0,7.8785,7.83754,7.878500000000001,-6.18366,-0.022523356666666664,0.1,7.95,8.35951,47.9,21.9,-3.2,-25.2,0.0,-29.2,5.8,0.0,-108.6,8.3,8.31,8.33,8.36,7.95,8.11,7.95,7.94,7.92,1153.945,7.96,8.55,8.61,8.74,8.83
2017-11-23,7.866,-946526000000.0,7.866,7.85003,7.866,-2.10108,-0.017879766666666665,-0.03,7.95,8.32352,158.0,14.0,-87.5,0.0,0.0,-55.6,0.0,0.0,-5.4,8.29,8.31,8.33,8.36,7.895,8.030000000000001,7.95,7.94,7.92,1160.2575,7.95,8.51,8.61,8.74,8.81
2017-11-24,7.866,-946526000000.0,7.866,7.85003,7.866,-2.10108,-0.017879766666666665,-0.03,7.95,8.32352,165.3,11.3,-184.0,0.0,0.0,-53.9,11.5,0.0,18.9,8.3,8.32,8.33,8.36,7.895,8.015,7.95,7.94,7.91,1161.1,7.97,8.5,8.65,8.78,8.81
2017-11-26,7.863499999999999,-958351000000.0,7.863499999999999,7.88002,7.8635,-0.8871950000000001,-0.0091218,0.3,7.95,6.56,165.3,11.3,-184.0,0.0,0.0,-53.9,11.5,0.0,18.9,8.3,8.32,8.33,8.36,7.895,8.015,7.95,7.94,7.91,1161.1,7.97,8.5,8.65,8.78,8.81
2017-11-27,7.849,-970418000000.0,7.849,7.93602,7.849,-0.22889600000000002,0.0056851366666666675,0.36,7.95,6.5952,144.5,55.4,-502.8,0.0,0.0,104.5,5.8,0.0,12.1,8.33,8.31,8.33,8.36,8.125,8.155000000000001,7.95,7.94,7.91,1163.5149999999999,8.03,8.48,8.63,8.78,8.78
2017-11-28,7.84,-991576000000.0,7.84,7.9488199999999996,7.84,-1.7041400000000002,0.009264866666666666,0.35,8.015,6.667389999999999,136.7,31.4,-10.2,8.2,0.0,72.2,5.8,0.0,64.2,8.39,8.35,8.36,8.36,8.21,8.184999999999999,7.94,7.94,7.91,1155.81,8.2,8.51,8.63,8.78,8.78
2017-11-29,7.8305,-1017170000000.0,7.8305,7.95905,7.8305,-5.86054,0.011937533333333333,0.35,8.025,6.77915,325.1,19.4,283.7,-26.0,0.0,191.0,5.8,0.0,211.9,8.47,8.39,8.38,8.37,8.4,8.28,7.94,7.94,7.91,1151.9375,8.28,8.7,8.76,8.86,8.91
2017-11-30,7.808,-1036640000000.0,7.808,7.937239999999999,7.808,-7.29758,0.006486556666666666,-0.2,8.075,6.92082,128.7,3.0,-147.1,0.0,0.0,-238.6,5.8,0.0,-17.0,8.45,8.38,8.38,8.38,8.435,8.39,7.94,7.94,7.9,1135.585,8.24,8.75,8.73,8.77,8.82
2017-12-01,7.808,-1036640000000.0,7.808,7.937239999999999,7.808,-7.29758,0.006486556666666666,-0.2,8.075,6.92082,140.3,-22.0,334.2,0.0,0.0,194.4,5.8,0.0,-3.6,8.4,8.39,8.39,8.38,8.059999999999999,8.04,7.94,7.94,7.9,1131.6174999999998,8.21,8.56,8.69,8.76,8.79
2017-12-03,7.8685,-1031370000000.0,7.8685,7.941789999999999,7.8685,-2.0669999999999997,0.007578746666666666,-0.2,8.075,7.05115,140.3,-22.0,334.2,0.0,0.0,194.4,5.8,0.0,-3.6,8.4,8.39,8.39,8.38,8.059999999999999,8.04,7.94,7.94,7.9,1131.6174999999998,8.21,8.56,8.69,8.76,8.79
2017-12-04,7.8685,-1059300000000.0,7.8685,7.85343,7.8685,-7.54362,-0.01431047,0.0,8.025,7.171060000000001,135.0,12.6,-82.6,0.0,0.0,-101.2,5.8,0.0,-4.0,8.35,8.37,8.37,8.38,8.035,8.075,7.94,7.94,7.89,1127.3049999999998,7.83,8.53,8.63,8.82,8.93
2017-12-05,7.8775,-1074900000000.0,7.8775,7.90475,7.8774999999999995,-0.380474,-0.0011434866666666665,0.25,8.025,7.28137,137.5,-9.3,-195.8,0.0,0.0,-252.4,5.8,0.5,-189.4,8.27,8.34,8.34,8.38,8.09,8.065000000000001,7.96,7.95,7.89,1133.11,8.07,8.54,8.63,8.82,8.93
2017-12-06,7.8975,-1107240000000.0,7.8975,7.9438,7.897500000000001,0.09847660000000001,0.008628276666666667,0.0,8.025,7.382860000000001,171.9,-26.8,340.5,-25.1,0.0,216.0,5.8,0.0,69.0,8.44,8.4,8.38,8.38,8.114999999999998,8.08,7.96,7.95,7.89,1129.9675000000002,8.07,8.55,8.61,8.82,8.93
2017-12-07,7.9085,-1115430000000.0,7.9085,7.959039999999999,7.9085,-2.30304,0.012190543333333333,0.02,8.025,7.47624,121.5,-52.8,84.2,0.0,0.0,12.0,5.9,0.0,-1.3,8.42,8.39,8.39,8.38,8.2,8.08,7.97,7.95,7.89,1123.295,8.11,8.51,8.59,8.68,8.72
2017-12-08,7.9085,-1115430000000.0,7.9085,7.959039999999999,7.9085,-2.30304,0.012190543333333333,0.02,8.025,7.47624,122.3,-54.6,619.7,0.0,0.0,3.0,12.8,0.0,-0.3,8.4,8.41,8.38,8.38,8.120000000000001,8.115,7.97,7.95,7.89,1120.555,8.09,8.51,8.59,8.68,8.72
2017-12-10,7.913499999999999,-1173270000000.0,7.913499999999999,7.91723,7.913499999999999,-7.46627,0.0015213126666666667,0.15,8.025,7.562139999999999,122.3,-54.6,619.7,0.0,0.0,3.0,12.8,0.0,-0.3,8.4,8.41,8.38,8.38,8.120000000000001,8.115,7.97,7.95,7.89,1120.555,8.09,8.51,8.59,8.68,8.72
2017-12-11,7.8934999999999995,-1223740000000.0,7.8934999999999995,7.78378,7.8935,-12.4068,-0.03141840666666667,-0.65,7.9,8.55,122.1,-6.5,80.9,0.0,22.0,-1.3,12.7,0.0,-584.4,8.37,8.34,8.34,8.37,8.059999999999999,8.11,7.96,7.95,7.89,1132.485,7.98,8.53,8.63,8.82,8.93
2017-12-12,7.8885000000000005,-1234480000000.0,7.8885000000000005,7.81703,7.8885000000000005,-0.42442799999999997,-0.022212466666666666,-0.05,7.9,8.524,121.3,-23.2,96.5,18.0,0.0,46.1,12.7,0.0,5.1,8.26,8.33,8.33,8.36,8.015,8.07,7.98,7.94,7.9,1149.8049999999998,7.99,8.43,8.54,8.63,8.66
2017-12-13,7.891000000000001,-1213620000000.0,7.891000000000001,7.89562,7.891,1.2693,-0.0019726066666666668,0.05,7.835,8.49852,732.1,-31.7,-260.7,-40.0,-110.8,-129.3,12.6,0.1,-14.9,8.24,8.31,8.33,8.36,8.0,8.035,7.99,7.94,7.9,1143.0925,7.97,8.46,8.58,8.74,8.85
2017-12-14,7.866,-1261280000000.0,7.866,7.7165,7.866,-15.0909,-0.04576163333333333,-1.0,7.65,8.47355,350.4,-52.0,-144.0,0.0,0.0,0.0,12.8,0.0,262.7,8.21,8.24,8.29,8.33,8.094999999999999,8.02,7.95,7.91,7.88,1149.0825,7.85,8.43,8.57,8.76,8.87
2017-12-15,7.866,-1261280000000.0,7.866,7.7165,7.866,-15.0909,-0.04576163333333333,-1.0,7.65,8.47355,473.5,-56.6,145.1,0.0,0.0,-100.1,12.6,0.3,-72.7,8.26,8.26,8.28,8.28,8.024999999999999,7.89,7.93,7.9,7.87,1149.3325,7.9,8.46,8.55,8.61,8.65
2017-12-17,7.843,-1304740000000.0,7.843,7.6532,7.843,-3.43451,-0.059594133333333334,-0.6,7.65,8.41461,473.5,-56.6,145.1,0.0,0.0,-100.1,12.6,0.3,-72.7,8.26,8.26,8.28,8.28,8.024999999999999,7.89,7.93,7.9,7.87,1149.3325,7.9,8.46,8.55,8.61,8.65
2017-12-18,7.758500000000001,-1346960000000.0,7.758500000000001,7.404560000000001,7.7585,-20.3163,-0.11836726666666665,-1.44,7.23,8.35802,531.5,-1.3,260.1,0.0,0.0,201.0,12.7,-5.6,71.6,7.92,7.96,7.99,7.95,7.734999999999999,7.72,7.79,7.77,7.75,1148.5775,7.54,8.14,8.21,8.26,8.32
2017-12-19,7.725999999999999,-1412550000000.0,7.725999999999999,7.39365,7.726,-4.6404,-0.11638603333333332,-0.61,7.23,8.22614,131.0,-8.2,59.0,0.0,0.0,-77.2,12.7,0.1,9.9,7.93,7.91,7.91,7.9,7.61,7.71,7.7,7.69,7.67,1141.17,7.48,8.08,8.12,8.12,8.17
2017-12-20,7.734000000000001,-1430740000000.0,7.734000000000001,7.46692,7.734,1.14819,-0.09322673333333335,0.26,7.22,6.16,412.8,-13.5,-219.4,-45.5,-13.3,-150.3,12.7,0.0,73.4,7.9,7.91,7.91,7.9,7.609999999999999,7.645,7.62,7.62,7.6,1132.37,7.5,8.04,8.08,8.12,8.17
2017-12-21,7.689,-1477880000000.0,7.689,7.373530000000001,7.689,-10.4938,-0.1114662,-1.11,7.22,6.2018,140.8,-37.3,199.2,0.0,0.0,158.0,12.7,0.0,9.8,7.88,7.91,7.91,7.9,7.6850000000000005,7.68,7.62,7.61,7.6,1126.8125,7.5,8.04,8.08,8.12,8.17
2017-12-22,7.689,-1477880000000.0,7.689,7.373530000000001,7.689,-10.4938,-0.1114662,-1.11,7.22,6.2018,330.8,-55.4,3.1,0.0,9.5,-127.0,12.6,0.0,-156.3,7.89,7.91,7.91,7.9,7.695,7.695,7.61,7.6,7.58,1133.2250000000001,7.54,8.04,8.08,8.12,8.17
2017-12-24,7.6915000000000004,-1473380000000.0,7.6915000000000004,7.508830000000001,7.6915,4.55305,-0.07260059666666667,-0.05,7.235,6.24276,330.8,-55.4,3.1,0.0,9.5,-127.0,12.6,0.0,-156.3,7.89,7.91,7.91,7.9,7.695,7.695,7.61,7.6,7.58,1133.2250000000001,7.54,8.04,8.08,8.12,8.17
2017-12-25,7.5865,-1508850000000.0,7.5865,7.219060000000001,7.5865,-29.1336,-0.13942086666666667,-1.96,7.16,8.31,482.5,-9.4,-579.8,0.0,0.0,-51.3,0.0,0.0,136.0,7.98,7.95,7.93,7.91,7.89,7.73,7.6,7.59,7.58,1141.5725000000002,7.84,8.07,8.1,8.12,8.17
2017-12-26,7.511500000000001,-1492510000000.0,7.511500000000001,7.07525,7.5115,-17.2592,-0.16806046666666666,-1.25,5.655,8.31,265.2,-34.3,638.6,221.7,0.0,181.7,25.3,0.0,39.9,7.98,7.98,7.94,7.91,7.795,7.745,7.6,7.59,7.58,1143.5900000000001,7.58,8.17,8.24,8.23,8.23
2017-12-27,7.461500000000001,-1512420000000.0,7.461500000000001,7.0602,7.4615,-9.99592,-0.1636713,-0.25,5.655,8.0976,718.8,-65.5,119.0,-32.4,0.0,-120.0,12.6,0.0,-22.4,7.98,7.98,7.93,7.91,7.57,7.745,7.58,7.58,7.57,1148.51,7.41,8.13,8.24,8.23,8.23
2017-12-28,7.413999999999999,-1528930000000.0,7.413999999999999,7.028160000000001,7.414,-11.7778,-0.1631635,-1.05,5.655,7.8937,745.1,-103.8,97.0,0.0,30.0,-101.6,12.7,0.0,-196.6,7.82,7.85,7.84,7.86,7.455,7.745,7.57,7.57,7.55,1148.5349999999999,7.19,8.14,8.2,8.21,8.21
2017-12-29,7.413999999999999,-1528930000000.0,7.413999999999999,7.028160000000001,7.414,-11.7778,-0.1631635,-1.05,5.655,7.8937,941.3,-5.5,183.8,0.0,0.0,0.0,12.7,0.0,-471.6,7.82,7.69,7.75,7.84,6.515000000000001,7.745,7.54,7.55,7.55,1150.68,7.19,8.11,8.19,8.2,8.2
2018-01-03,7.216000000000001,-1528930000000.0,7.216000000000001,6.42253,7.216,-1.9899,-0.303529,-4.21,5.655,7.76,941.3,-5.5,183.8,0.0,0.0,0.0,12.7,0.0,-471.6,— ,— ,— ,— ,3.09,3.25,7.54,7.55,7.55,1168.75,7.38,8.11,8.19,8.2,8.2
2018-01-04,7.0409999999999995,-1528930000000.0,7.0409999999999995,5.93802,7.041,-0.485637,-0.40906266666666663,-3.0,5.655,7.69,941.3,-5.5,183.8,0.0,0.0,0.0,12.7,0.0,-471.6,— ,— ,— ,— ,5.33,7.745,7.54,7.55,7.55,1199.6100000000001,7.38,8.11,8.19,8.2,8.2
2018-01-05,7.0409999999999995,-1528930000000.0,7.0409999999999995,5.93802,7.041,-0.485637,-0.40906266666666663,-3.0,5.655,7.69,941.3,-5.5,183.8,0.0,0.0,0.0,12.7,0.0,-471.6,— ,— ,— ,— ,5.33,7.745,7.54,7.55,7.55,1216.2175000000002,7.38,8.11,8.19,8.2,8.2
2018-01-08,6.985499999999999,-1528430000000.0,6.985499999999999,6.1504199999999996,6.9855,-9.771510000000001,-0.33848933333333336,-0.4,5.655,3.0,941.3,-5.5,183.8,0.0,0.0,0.0,12.7,0.0,-471.6,— ,— ,— ,— ,5.33,7.745,7.54,7.55,7.55,1216.2175000000002,7.38,8.11,8.19,8.2,8.2
2018-01-09,6.9105,-1570160000000.0,6.9105,6.24033,6.9105,-15.3728,-0.2990772666666666,0.19,5.655,3.0932,1349.0,306.1,-228.2,15.8,0.0,0.0,0.0,0.0,-845.1,7.72,7.78,7.79,7.84,7.275,7.535,7.56,7.56,7.55,1228.0425,6.88,8.05,8.11,8.12,8.17
2018-01-10,6.8495,-1605480000000.0,6.8495,6.35227,6.8495,-5.1936,-0.25486921,-0.55,5.655,3.18454,1679.9,38.4,-80.2,-39.0,-26.6,20.0,0.0,0.0,1449.6,7.53,7.76,7.78,7.82,7.085,7.35,7.53,7.53,7.55,1231.8600000000001,7.16,7.89,7.95,8.0,8.1
2018-01-11,6.796499999999999,-1638860000000.0,6.796499999999999,6.41981,6.7965,-9.25746,-0.22273323333333336,-1.07,5.5,3.27405,240.0,-2.9,-19.9,0.0,0.0,-20.0,0.0,0.0,16.2,7.5,7.73,7.78,7.82,7.105,7.27,7.41,7.46,7.5,1239.43,7.04,7.84,7.92,8.0,8.11
2018-01-12,6.796499999999999,-1638860000000.0,6.796499999999999,6.41981,6.7965,-9.25746,-0.22273323333333336,-1.07,5.5,3.27405,202.0,-11.1,-62.2,0.0,-79.6,0.0,0.0,0.0,15.2,7.42,7.69,7.77,7.81,7.12,7.25,7.37,7.43,7.46,1254.6175,7.0,7.81,7.91,7.99,8.1
2018-01-14,6.8,-1662440000000.0,6.8,6.59985,6.8,2.74555,-0.16396013333333334,0.32,5.5,3.36176,202.0,-11.1,-62.2,0.0,-79.6,0.0,0.0,0.0,15.2,7.42,7.69,7.77,7.81,7.12,7.25,7.37,7.43,7.46,1254.6175,7.0,7.81,7.91,7.99,8.1
2018-01-15,6.7410000000000005,-1696870000000.0,6.7410000000000005,6.63388,6.741,-6.904089999999999,-0.14326666666666665,-1.28,6.0,3.5472900000000003,190.2,30.6,-115.8,0.0,0.0,0.0,0.0,0.0,-14.6,7.38,7.7,7.78,7.82,7.21,7.285,7.3,7.35,7.38,1264.595,7.0,7.82,7.91,7.99,8.1
2018-01-16,6.6754999999999995,-1750530000000.0,6.6754999999999995,6.6871,6.6755,-8.729439999999999,-0.11899400000000003,0.84,6.0,3.7254,206.4,8.0,219.4,0.0,0.0,-40.9,15.1,0.0,-5.8,7.36,7.68,7.76,7.81,7.355,7.4,7.25,7.29,7.32,1259.4575,7.02,7.8,7.88,7.94,8.06
2018-01-17,6.643000000000001,-1806730000000.0,6.643000000000001,6.619680000000001,6.643000000000001,-16.2222,-0.12571143333333332,-0.15,6.0,3.8963900000000002,-477.2,-4.0,-154.6,-40.9,25.7,0.0,15.1,0.0,-666.7,7.35,7.68,7.74,7.79,7.32,7.41,7.22,7.24,7.25,1256.2050000000002,6.98,7.77,7.88,7.94,8.06
2018-01-18,6.6275,-1783540000000.0,6.6275,6.71375,6.6274999999999995,-1.60217,-0.09296233333333333,0.09,6.0,4.06053,170.9,-2.3,26.3,0.0,0.0,0.0,15.2,0.0,1.7,7.38,7.68,7.74,7.79,7.28,7.315,7.2,7.23,7.23,1272.75,7.07,7.77,7.87,7.93,8.04
2018-01-19,6.6275,-1783540000000.0,6.6275,6.71375,6.6274999999999995,-1.60217,-0.09296233333333333,0.09,6.0,4.06053,200.3,4.2,82.4,0.0,0.0,-31.9,15.1,0.0,16.0,7.42,7.67,7.73,7.78,7.1899999999999995,7.234999999999999,7.18,7.21,7.2,1275.33,7.01,7.81,7.91,7.97,8.09
2018-01-21,6.656999999999999,-1773090000000.0,6.656999999999999,6.771,6.657,-5.1205,-0.07075533333333332,0.1,7.15,4.21811,200.3,4.2,82.4,0.0,0.0,-31.9,15.1,0.0,16.0,7.42,7.67,7.73,7.78,7.1899999999999995,7.234999999999999,7.18,7.21,7.2,1275.33,7.01,7.81,7.91,7.97,8.09
2018-01-22,6.617000000000001,-1819230000000.0,6.617000000000001,6.7268,6.616999999999999,-9.35645,-0.07475056666666667,2.55,7.175,4.3693800000000005,185.1,54.6,34.2,0.0,0.0,0.0,15.1,-0.1,-34.5,7.4,7.62,7.69,7.76,7.25,7.325,7.18,7.19,7.19,1277.525,7.01,7.83,7.91,7.96,8.07
2018-01-23,6.544,-1870320000000.0,6.544,6.641439999999999,6.544,-14.3714,-0.0892489,2.3,7.15,4.51461,219.8,42.1,8.7,6.4,0.0,-0.3,15.1,0.5,-4.9,7.39,7.61,7.68,7.73,7.025,7.3,7.18,7.19,7.19,1284.29,6.95,7.82,7.91,7.96,8.07
2018-01-24,6.559,-1865180000000.0,6.559,6.77315,6.559,2.51163,-0.050205999999999994,0.3,7.15,4.6540300000000006,110.4,28.1,-267.5,-40.9,-134.0,0.2,15.1,-0.5,-185.3,7.36,7.58,7.64,7.72,6.975,7.23,7.17,7.18,7.18,1285.745,6.93,7.8,7.87,7.97,8.08
2018-01-25,6.494,-1875230000000.0,6.494,6.76852,6.494,-4.23148,-0.046271299999999994,0.15,7.15,4.78786,294.9,15.6,-752.7,0.0,0.0,-0.2,15.1,0.0,137.0,7.38,7.58,7.63,7.7,7.08,7.155,7.16,7.17,7.17,1304.2775000000001,7.21,7.76,7.84,7.97,8.08
2018-01-26,6.494,-1875230000000.0,6.494,6.76852,6.494,-4.23148,-0.046271299999999994,0.15,7.15,4.78786,159.4,5.0,62.4,0.0,20.0,-0.2,15.0,0.0,142.6,7.48,7.59,7.63,7.7,7.265000000000001,7.32,7.16,7.17,7.16,1295.0874999999999,7.25,7.82,7.85,7.95,8.08
2018-01-28,6.516000000000001,-1917540000000.0,6.516000000000001,6.71482,6.516,-11.5154,-0.054946833333333334,-0.3,6.904999999999999,4.91635,159.4,5.0,62.4,0.0,20.0,-0.2,15.0,0.0,142.6,7.48,7.59,7.63,7.7,7.265000000000001,7.32,7.16,7.17,7.16,1295.0874999999999,7.25,7.82,7.85,7.95,8.08
2018-01-29,6.516000000000001,-1961520000000.0,6.516000000000001,6.67185,6.516,-12.175,-0.0610241,-0.19,6.885,5.0397,17.4,41.4,-54.6,0.0,0.0,0.0,15.1,0.0,-99.1,7.52,7.58,7.62,7.68,7.300000000000001,7.275,7.17,7.17,7.16,1281.0649999999998,7.35,7.83,7.86,7.96,8.09
2018-01-30,6.4944999999999995,-2004560000000.0,6.4944999999999995,6.65148,6.4944999999999995,-12.9683,-0.06155750000000001,-0.75,6.93,5.15811,118.6,28.4,557.2,183.1,0.0,200.0,15.2,0.0,-93.6,7.57,7.59,7.61,7.68,7.33,7.355,7.17,7.17,7.16,1276.6925,7.37,7.8,7.85,7.94,8.07
2018-01-31,6.474499999999999,-2044690000000.0,6.474499999999999,6.6211899999999995,6.4745,-14.1418,-0.06466143333333334,-0.27,6.965,5.271780000000001,203.3,15.2,46.3,9.2,80.0,-200.0,15.0,0.0,-1.9,7.53,7.58,7.61,7.68,7.37,7.4,7.18,7.18,7.17,1277.36,7.12,7.8,7.89,7.96,8.09
2018-02-01,6.628,-2075270000000.0,6.628,6.71095,6.628,-3.73766,-0.03822046666666667,0.17,6.965,5.38091,209.7,-19.0,38.4,0.0,0.0,0.0,15.1,0.0,-497.5,7.56,7.61,7.6,7.68,7.385,7.295,7.19,7.18,7.16,1288.7275,7.26,7.79,7.87,7.95,8.08
2018-02-02,6.628,-2075270000000.0,6.628,6.71095,6.628,-3.73766,-0.03822046666666667,0.17,6.965,5.38091,96.5,-26.3,179.0,0.0,5.0,0.0,15.1,0.0,-21.5,7.52,7.58,7.59,7.66,7.25,7.215,7.2,7.17,7.13,1284.52,7.09,7.79,7.87,7.95,8.08
2018-02-04,6.733,-2109680000000.0,6.733,6.588760000000001,6.7330000000000005,-20.6754,-0.06492040333333333,-0.25,6.8149999999999995,5.48568,96.5,-26.3,179.0,0.0,5.0,0.0,15.1,0.0,-21.5,7.52,7.58,7.59,7.66,7.25,7.215,7.2,7.17,7.13,1284.52,7.09,7.79,7.87,7.95,8.08
2018-02-05,6.683,-2132150000000.0,6.683,6.47101,6.683,-21.3869,-0.08982956666666665,-1.09,6.5649999999999995,8.0,727.8,10.7,122.4,0.0,0.0,0.0,15.1,0.0,-209.0,7.5,7.53,7.55,7.61,7.145,7.26,7.2,7.15,7.11,1263.54,7.19,7.78,7.86,7.94,8.07
2018-02-06,6.703,-2136730000000.0,6.703,6.576810000000001,6.703,-3.8663800000000004,-0.058883866666666666,0.0,6.5649999999999995,7.95,941.4,-1.0,124.7,21.8,0.0,0.0,15.2,0.0,-140.1,7.53,7.53,7.56,7.61,7.215,7.265,7.18,7.14,7.09,1232.7425,7.23,7.76,7.88,7.96,8.09
2018-02-07,6.718,-2155150000000.0,6.718,6.681439999999999,6.718,-0.43235500000000004,-0.029146099999999998,0.55,6.5649999999999995,7.901,594.1,-22.9,24.9,-35.6,-90.0,0.2,15.3,0.0,404.8,7.49,7.53,7.55,7.59,7.119999999999999,7.154999999999999,7.18,7.14,7.09,1246.1025,7.07,7.74,7.82,7.92,7.98
2018-02-08,6.7235000000000005,-2190540000000.0,6.7235000000000005,6.70516,6.7235,-5.01703,-0.020406866666666672,0.5,6.5649999999999995,7.8529800000000005,192.6,-49.3,94.8,0.0,0.0,0.0,15.7,0.0,13.7,7.46,7.48,7.49,7.54,7.135,7.13,7.18,7.14,7.08,1220.7675,7.06,7.72,7.73,7.8,7.89
2018-02-09,6.7235000000000005,-2190540000000.0,6.7235000000000005,6.70516,6.7235,-5.01703,-0.020406866666666672,0.5,6.5649999999999995,7.8529800000000005,171.6,-40.5,192.8,0.0,110.0,-0.2,16.0,0.0,-77.0,7.44,7.43,7.47,7.52,7.08,7.135,7.16,7.12,7.06,1188.5349999999999,6.99,7.72,7.7,7.79,7.88
2018-02-11,6.6825,-2244560000000.0,6.6825,6.66412,6.6825,-8.19408,-0.028121800000000002,-0.8,6.5649999999999995,7.8059199999999995,171.6,-40.5,192.8,0.0,110.0,-0.2,16.0,0.0,-77.0,7.44,7.43,7.47,7.52,7.08,7.135,7.16,7.12,7.06,1188.5349999999999,6.99,7.72,7.7,7.79,7.88
2018-02-12,6.644000000000001,-2298270000000.0,6.644000000000001,6.5313,6.644,-17.7739,-0.058396866666666665,-0.75,6.5649999999999995,7.7598,255.9,-5.4,82.2,0.0,0.0,0.0,15.8,0.0,21.3,7.21,7.32,7.34,7.4,7.0,7.035,7.08,7.05,7.01,1200.6125,6.78,7.55,7.61,7.72,7.8
2018-02-13,6.6565,-2318670000000.0,6.6565,6.65504,6.6565,1.7366,-0.024630666666666665,0.65,6.5649999999999995,7.71461,231.7,-22.3,-2.1,14.9,0.0,0.0,15.7,0.0,35.6,7.18,7.29,7.32,7.36,6.96,7.029999999999999,7.01,7.01,6.98,1219.22,6.83,7.49,7.58,7.68,7.76
2018-02-14,6.689,-2360720000000.0,6.689,6.72403,6.689,-1.6096700000000002,-0.005426513333333331,0.5,6.5,7.670310000000001,-82.7,-31.1,-213.1,-47.6,5.5,0.0,15.7,-0.2,-238.9,7.26,7.32,7.32,7.35,7.220000000000001,7.125,6.96,6.96,6.94,1234.8849999999998,6.96,7.55,7.6,7.69,7.76
2018-02-15,6.6895,-2416960000000.0,6.6895,6.7992300000000006,6.6895,-3.5901099999999997,0.014513066666666664,0.53,6.5,7.6269100000000005,158.7,-41.7,-60.3,0.0,0.0,0.0,15.7,-1.3,19.0,7.31,7.35,7.34,7.36,7.3149999999999995,7.1899999999999995,6.95,6.94,6.94,1263.22,7.08,7.54,7.6,7.7,7.76
2018-02-16,6.6895,-2416960000000.0,6.6895,6.7992300000000006,6.6895,-3.5901099999999997,0.014513066666666664,0.53,6.5,7.6269100000000005,139.9,-29.1,107.3,-2.1,6.0,0.0,15.5,1.4,-19.0,7.39,7.38,7.38,7.4,7.355,7.325,6.98,6.98,6.96,1265.1325000000002,7.21,7.6,7.66,7.72,7.78
2018-02-18,6.6895,-2471430000000.0,6.6895,6.83938,6.6895,-5.69433,0.0249336,0.5,6.5,7.58437,139.9,-29.1,107.3,-2.1,6.0,0.0,15.5,1.4,-19.0,7.39,7.38,7.38,7.4,7.355,7.325,6.98,6.98,6.96,1265.1325000000002,7.21,7.6,7.66,7.72,7.78
2018-02-19,6.69,-2539550000000.0,6.69,6.7835,6.6899999999999995,-13.4264,0.011077133333333334,-0.51,6.75,7.542680000000001,159.0,22.3,65.8,-0.5,0.0,0.0,0.0,-0.1,-9.6,7.46,7.43,7.43,7.42,7.37,7.38,7.0,6.99,6.97,1260.5325,7.28,7.65,7.69,7.75,7.81
2018-02-20,6.71,-2570690000000.0,6.71,6.7668,6.71,-11.9447,0.007046400000000001,0.6,6.75,7.50183,168.7,8.7,95.4,21.3,0.0,0.0,31.4,0.0,11.8,7.51,7.48,7.47,7.42,7.29,7.26,7.03,7.02,6.99,1261.0325,7.28,7.65,7.69,7.75,7.81
2018-02-21,6.7055,-2608210000000.0,6.7055,6.85544,6.7055,-2.13537,0.028929585666666664,1.21,6.75,5.5,1018.1,-3.8,-37.6,-49.1,-19.4,0.0,15.8,0.0,714.0,7.53,7.52,7.48,7.44,7.155,7.24,7.05,7.02,7.0,1276.5500000000002,7.29,7.65,7.69,7.75,7.81
2018-02-22,6.7055,-2608210000000.0,6.7055,6.85544,6.7055,-2.13537,0.028929585666666664,1.21,6.75,5.5,114.8,-5.3,62.1,-0.8,0.0,150.0,15.7,0.0,-22.5,7.52,7.53,7.48,7.45,7.23,7.26,7.08,7.05,7.02,1291.865,7.23,7.65,7.69,7.75,7.81
2018-02-25,6.7205,-2666820000000.0,6.7205,6.89435,6.7204999999999995,-2.80586,0.0377318,0.05,6.75,5.54,114.8,-5.3,62.1,-0.8,0.0,150.0,15.7,0.0,-22.5,7.52,7.53,7.48,7.45,7.23,7.26,7.08,7.05,7.02,1291.865,7.23,7.65,7.69,7.75,7.81
2018-02-26,6.7155,-2730250000000.0,6.7155,6.79548,6.7155000000000005,-14.9905,0.012119653333333332,-0.7,6.75,5.5792,329.4,64.5,-708.5,0.0,0.0,-50.1,15.7,0.0,246.1,7.56,7.58,7.51,7.48,7.3100000000000005,7.295,7.12,7.08,7.03,1321.8375,7.3,7.61,7.67,7.73,7.79
2018-02-27,6.753,-2719680000000.0,6.753,6.88639,6.753,-0.263845,0.033878533333333335,0.45,7.0,5.61762,84.0,34.1,190.0,23.0,0.0,99.8,15.5,0.0,-72.7,7.56,7.59,7.54,7.53,7.35,7.345000000000001,7.18,7.17,7.11,1321.76,7.45,7.59,7.67,7.75,7.82
2018-02-28,6.767,-2785560000000.0,6.767,6.879110000000001,6.767,-6.33944,0.03070773333333333,0.35,7.0,5.69691,291.9,7.5,-329.1,-49.8,-55.9,-198.5,15.7,0.0,-130.4,7.61,7.62,7.56,7.56,7.41,7.38,7.19,7.19,7.13,1297.14,7.5,7.62,7.68,7.76,7.83
2018-03-01,6.767,-2852460000000.0,6.767,6.80329,6.767,-13.5705,0.010630636666666667,0.5,7.0,5.77303,158.1,-22.2,195.9,0.0,0.0,98.5,15.9,0.0,29.7,7.63,7.63,7.58,7.54,7.375,7.38,7.22,7.21,7.13,1275.6675,7.5,7.63,7.69,7.77,7.84
